query,expected_product_id,checks,passed,failed_checks
Brother TN-1030,37478,4,True,
Brother TN-1050,44044,4,True,
Brother TN-1090,37962,4,True,
Brother TN-119,37919,4,True,
Brother TN-2010,44042,4,True,
Brother TN-2110,37475,4,True,
Brother TN-2120,44041,4,True,
Brother TN-2220,37476,4,True,
Brother TN-2310,37477,4,True,
Brother TN-2320,38587,4,True,
Brother TN-241BK,37481,4,True,
Brother TN-2420,38607,4,True,
Brother TN-2420XXL,37467,4,True,
Brother TN-2421,37471,4,True,
Brother TN-245C,37482,4,True,
Brother TN-245M,37483,4,True,
Brother TN-245Y,37484,4,True,
Brother TN-247BK,37462,4,True,
Brother TN-247C,37463,4,True,
Brother TN-247M,37464,4,True,
Brother TN-247Y,37465,4,True,
Brother TN-2510XL,39937,4,True,
Brother TN-2590,37912,4,True,
Brother TN-2590XL,39938,4,True,
Brother TN-325BK,37492,4,True,
Brother TN-3410,44051,4,True,
Brother TN-3480,37501,4,True,
Brother TN-3600XXL,37521,4,True,
Brother TN-423BK,37958,4,True,
Brother TN-423C,37959,4,True,
Brother TN-423M,37960,4,True,
Brother TN-625XLY,52058,4,True,
Brother TN-B023,37932,4,True,
Canon CRG-045C,43885,4,True,
Canon CRG-045HBK,43918,4,True,
Canon CRG-045HC,43921,4,True,
Canon CRG-045HY,43924,4,True,
Canon CRG-045M,43891,4,True,
Canon CRG-047,43993,4,True,
Canon CRG-051BK,43994,4,True,
Canon CRG-051H,44072,4,True,
Canon CRG-052,43985,4,True,
Canon CRG-054HBK,43917,4,True,
Canon CRG-054HC,43920,4,True,
Canon CRG-054HY,43923,4,True,
Canon CRG-054M,43890,4,True,
Canon CRG-071H,37533,4,True,
Canon CRG-703,44000,4,True,
Canon CRG-708H,43941,4,True,
Canon CRG-712,44092,4,True,
Canon CRG-713,44093,4,True,
Canon CRG-715H,43942,4,True,
Canon CRG-716BK,43894,4,True,
Canon CRG-716M,43906,4,True,
Canon CRG-716Y,43902,4,True,
Canon CRG-719,43976,4,True,
Canon CRG-719H,43944,4,True,
Canon CRG-720,43945,4,True,
Canon CRG-725,44055,4,True,
Canon CRG-726,43978,4,True,
Canon CRG-728,43977,4,True,
Canon CRG-731HBK,43895,4,True,
Canon CRG-731M,43907,4,True,
Canon CRG-731Y,43903,4,True,
Canon CRG-737,44057,4,True,
Canon FX-10,43999,3,True,
Epson C13S050166,41585,4,True,
Epson C13S050167,40214,4,True,
Epson C13S050195,40208,4,True,
Epson C13S050196,40207,4,True,
Epson C13S050197,40206,4,True,
Epson C13S050198,40205,4,True,
Epson C13S050242,40204,4,True,
Epson C13S050243,40203,4,True,
Epson C13S050244,40202,4,True,
Epson C13S050245,40201,4,True,
Epson C13S050316,40212,4,True,
Epson C13S050317,40211,4,True,
Epson C13S050435,37577,4,True,
Epson C13S050523,41580,4,True,
Epson C13S050554,38731,4,True,
Epson C13S050555,38730,4,True,
Epson C13S050556,41584,4,True,
Epson C13S050557,38734,4,True,
Epson C13S050582,38732,4,True,
Epson C13S050584,37578,4,True,
Epson C13S050595,38128,4,True,
Epson C13S050611,37582,4,True,
Epson C13S050612,37581,4,True,
Epson C13S050613,37580,4,True,
Epson C13S050614,37579,4,True,
Epson C13S050651,39945,4,True,
Epson C13S050691,37583,4,True,
Epson C13S050709,37584,4,True,
Epson C13S110078,37576,4,True,
Epson C13S110079,37575,4,True,
Epson C9345,37217,4,True,
Epson T04D1,37185,3,True,
Epson T6712,37310,4,True,
HP CB435A,44090,4,True,
HP CB435X,43962,4,True,
HP CB436A,44091,4,True,
HP CB436X,43963,4,True,
HP CE278A,37595,4,True,
HP CE278X,37677,4,True,
HP CE285A,37594,4,True,
HP CE285X,43964,4,True,
HP CE505A,37588,4,True,
HP CE505X,37589,4,True,
HP CF217A,37635,4,True,
HP CF217XXL,37650,4,True,
HP CF226A,37617,4,True,
HP CF230A,37636,4,True,
HP CF230X,37637,4,True,
HP CF259X,37665,4,True,
HP CF279A,37634,4,True,
HP CF279X,37648,4,True,
HP CF280A,43975,4,True,
HP CF280X,43943,4,True,
HP CF283X,37616,4,True,
HP CF400X,43916,4,True,
HP CF540X,37643,4,True,
HP Q2612A,37585,4,True,
HP Q2612X,37647,4,True,
HP W1106A,37662,4,True,
HP W1350X,39950,4,True,
HP W1420A,39951,4,True,
HP W1490X,37692,4,True,
HP W2070A,37685,4,True,
HP W2071A,37686,4,True,
HP W2072A,39947,4,True,
HP W2073A,37687,4,True,
Kyocera TK-1140,37762,4,True,
Kyocera TK-1160,37755,4,True,
Kyocera TK-170,37760,4,True,
Kyocera TK-3060,41677,4,True,
Kyocera TK-3100,37763,4,True,
Kyocera TK-3130,38991,4,True,
Kyocera TK-3160,39001,4,True,
Kyocera TK-3170,39002,4,True,
Kyocera TK-3190,39003,4,True,
Kyocera TK-330,38966,4,True,
Kyocera TK-5230C,37738,4,True,
Kyocera TK-5230K,37737,4,True,
Kyocera TK-5230M,37739,4,True,
Kyocera TK-5230Y,37740,4,True,
Kyocera TK-5240C,37742,4,True,
Kyocera TK-5240K,37741,4,True,
Kyocera TK-5240M,39007,4,True,
Kyocera TK-5240Y,39008,4,True,
Kyocera TK-5270C,37745,4,True,
Kyocera TK-5270K,37744,4,True,
Kyocera TK-5270M,37746,4,True,
Kyocera TK-5270Y,37747,4,True,
Kyocera TK-5280C,39962,4,True,
Kyocera TK-5280K,37748,4,True,
Kyocera TK-5280M,37749,4,True,
Kyocera TK-5280Y,37750,4,True,
Kyocera TK-580C,37757,4,True,
Kyocera TK-580M,37758,4,True,
Kyocera TK-580Y,37759,4,True,
Kyocera TK-590C,37752,4,True,
Kyocera TK-590K,37751,4,True,
Kyocera TK-590M,37753,4,True,
Kyocera TK-590Y,37754,4,True,
Lexmark 12016SE,37764,3,True,
Lexmark 50F2000,40676,4,True,
Lexmark 51B2000,38266,4,True,
Lexmark 51B2H00,39967,4,True,
Lexmark 51F2H00,39072,4,True,
Lexmark 52D2X00,39067,4,True,
Lexmark 55B2000,38270,4,True,
Lexmark 55B2H00,37765,4,True,
Lexmark 56F2U00,37767,4,True,
Lexmark 60F2H00,39045,4,True,
Lexmark 70C2HC0,39048,3,True,
Lexmark 70C2HK0,39047,3,True,
Lexmark 70C2HM0,39049,3,True,
Lexmark 70C2HY0,39050,3,True,
Lexmark 71B20C0,39074,3,True,
Lexmark 71B20K0,39073,3,True,
Lexmark 71B20M0,39075,3,True,
Lexmark 71B2HC0,39078,3,True,
Lexmark 71B2HM0,39079,3,True,
Lexmark 71B2HY0,39080,3,True,
Lexmark 80C20K0,39055,3,True,
Lexmark 80C20M0,39057,3,True,
Lexmark 80C2HM0,39061,3,True,
Lexmark 80C2SC0,39083,3,True,
Lexmark 80C2SK0,39082,3,True,
Lexmark 80C2XC0,39064,3,True,
Lexmark 80C2XM0,39065,3,True,
Lexmark B222000,38267,4,True,
Lexmark B222H00,38268,4,True,
Lexmark B232000,44195,4,True,
Lexmark E460X11E,39031,4,True,
Lexmark T650H11E,39036,4,True,
OKI 43979102,37798,3,True,
OKI 43979202,37799,3,True,
OKI 44469704,39199,3,True,
OKI 44469705,37791,3,True,
OKI 44469706,37790,3,True,
OKI 44469722,37788,3,True,
OKI 44469723,37787,3,True,
OKI 44469724,37786,3,True,
OKI 44469803,37789,3,True,
OKI 44469804,37785,3,True,
OKI 44574702,37800,3,True,
OKI 44574802,37801,3,True,
OKI 44844508,39243,3,True,
OKI 44973508,39234,3,True,
OKI 44973533,37796,3,True,
OKI 44973534,37795,3,True,
OKI 44973535,37794,3,True,
OKI 44973536,37793,3,True,
OKI 45807106,37780,3,True,
OKI 45807111,37804,3,True,
OKI 45862837,39107,3,True,
OKI 45862838,39106,3,True,
OKI 45862839,39105,3,True,
OKI 46490605,37784,3,True,
OKI 46490606,37783,3,True,
OKI 46490607,37782,3,True,
OKI 46490608,37781,3,True,
OKI 46508709,37779,3,True,
OKI 46508710,37778,3,True,
OKI 46508711,37777,3,True,
OKI 46508712,37776,3,True,
OKI 47095704,39259,3,True,
Ricoh 405783,39935,3,True,
Ricoh 406475,41168,3,True,
Ricoh 406476,41185,3,True,
Ricoh 406477,41184,3,True,
Ricoh 406479,41179,3,True,
Ricoh 406480,41180,3,True,
Ricoh 406481,41181,3,True,
Ricoh 406482,41182,3,True,
Ricoh 406522,37809,3,True,
Ricoh 407166,37805,3,True,
Ricoh 407246,37807,3,True,
Ricoh 407254,37806,3,True,
Ricoh 407629,41175,3,True,
Ricoh 407630,41176,3,True,
Ricoh 407631,41177,3,True,
Ricoh 407632,41178,3,True,
Ricoh 408294,37810,3,True,
Ricoh 821034,41162,3,True,
Ricoh 841295,41164,3,True,
Ricoh 841296,41163,3,True,
Ricoh 841297,41165,3,True,
Ricoh 841298,41166,3,True,
Ricoh 841337,41161,3,True,
Ricoh 841813,38420,3,True,
Ricoh 841919,38421,3,True,
Ricoh 841920,38422,3,True,
Ricoh 841921,38423,3,True,
Ricoh 841925,41173,3,True,
Ricoh D2233680,41174,4,True,
Ricoh SP150,37808,4,True,
Samsung C4072S,44006,4,True,
Samsung C4092S,44007,4,True,
Samsung CLT-C404S,37844,4,True,
Samsung CLT-C406S,37820,4,True,
Samsung CLT-C4072S,37825,4,True,
Samsung CLT-C506L,37835,4,True,
Samsung CLT-K404S,37843,4,True,
Samsung CLT-K4072S,37824,4,True,
Samsung CLT-K504S,37830,4,True,
Samsung CLT-M404S,37845,4,True,
Samsung CLT-M4072S,37826,4,True,
Samsung CLT-Y404S,37846,4,True,
Samsung CLT-Y4072S,37827,4,True,
Samsung K4072S,44004,4,True,
Samsung K4092S,44005,4,True,
Samsung M4072S,44008,4,True,
Samsung M4092S,44009,4,True,
Samsung MLT-D101S,39294,4,True,
Samsung MLT-D1042S,37817,4,True,
Samsung MLT-D1052L,37828,4,True,
Samsung MLT-D1092S,37816,4,True,
Samsung MLT-D111L,37850,4,True,
Samsung MLT-D111S,37849,4,True,
Samsung MLT-D111XL,37811,4,True,
Samsung MLT-D116L,37823,4,True,
Samsung MLT-D119S,37812,4,True,
Samsung MLT-D203L,37839,4,True,
Samsung MLT-D204L,37829,4,True,
Samsung MLT-D205E,37841,4,True,
Samsung MLT-D205L,37840,4,True,
Samsung Y4072S,44010,4,True,
Samsung Y4092S,44011,4,True,
Xerox 700,41401,3,True,
Xerox B205,37856,3,True,
Xerox B225,37894,3,True,
Xerox B305,44202,3,True,
Xerox B410,38474,3,True,
Xerox C230,37889,3,True,
Xerox C310,39337,3,True,
Xerox C320,38475,3,True,
Xerox D95,41396,3,True,
